Hub,Sales_Elasticity,Transactions_Elasticity
Boisbriand,0.028538942688182273,0.08124677546093421
Châteauguay,0.08535170502763464,0.21485622272503016
Varennes,0.11149815347465596,0.09151272519127261
